[{"model": "admin.logentry", "pk": 1, "fields": {"action_time": "2023-10-03T13:32:58.061Z", "user": 1, "content_type": 6, "object_id": "2", "object_repr": "jack@gmail.com", "action_flag": 1, "change_message": "[{\"added\": {}}]"}}, {"model": "admin.logentry", "pk": 2, "fields": {"action_time": "2023-10-03T13:36:20.358Z", "user": 1, "content_type": 6, "object_id": "2", "object_repr": "jack@gmail.com", "action_flag": 2, "change_message": "[{\"changed\": {\"fields\": [\"Name\", \"Phone no\"]}}]"}}, {"model": "admin.logentry", "pk": 3, "fields": {"action_time": "2023-10-04T01:14:25.161Z", "user": 1, "content_type": 6, "object_id": "3", "object_repr": "Akhilareddy@gmail.com", "action_flag": 1, "change_message": "[{\"added\": {}}]"}}, {"model": "admin.logentry", "pk": 4, "fields": {"action_time": "2023-10-05T15:02:40.402Z", "user": 1, "content_type": 6, "object_id": "4", "object_repr": "noahcarbo@gmail.com", "action_flag": 1, "change_message": "[{\"added\": {}}]"}}, {"model": "admin.logentry", "pk": 5, "fields": {"action_time": "2023-10-05T15:02:53.575Z", "user": 1, "content_type": 6, "object_id": "4", "object_repr": "noahcarbo@gmail.com", "action_flag": 2, "change_message": "[{\"changed\": {\"fields\": [\"Name\", \"Phone no\"]}}]"}}, {"model": "admin.logentry", "pk": 6, "fields": {"action_time": "2023-10-06T17:10:37.810Z", "user": 1, "content_type": 6, "object_id": "5", "object_repr": "akhireddy123@gmail.com", "action_flag": 1, "change_message": "[{\"added\": {}}]"}}, {"model": "admin.logentry", "pk": 7, "fields": {"action_time": "2023-10-06T17:12:17.554Z", "user": 1, "content_type": 6, "object_id": "3", "object_repr": "Akhilareddy@gmail.com", "action_flag": 3, "change_message": ""}}, {"model": "admin.logentry", "pk": 8, "fields": {"action_time": "2023-10-08T19:00:04.364Z", "user": 1, "content_type": 6, "object_id": "7", "object_repr": "jerry@gmail.com", "action_flag": 1, "change_message": "[{\"added\": {}}]"}}, {"model": "admin.logentry", "pk": 9, "fields": {"action_time": "2023-10-09T12:46:10.580Z", "user": 1, "content_type": 9, "object_id": "1", "object_repr": "DietPlan object (1)", "action_flag": 1, "change_message": "[{\"added\": {}}]"}}, {"model": "admin.logentry", "pk": 10, "fields": {"action_time": "2023-10-09T12:52:27.049Z", "user": 1, "content_type": 6, "object_id": "7", "object_repr": "jofrin@gmail.com", "action_flag": 2, "change_message": "[{\"changed\": {\"fields\": [\"Email address\", \"Name\", \"Phone no\", \"Gym membership\"]}}]"}}, {"model": "admin.logentry", "pk": 11, "fields": {"action_time": "2023-10-09T12:52:52.041Z", "user": 1, "content_type": 6, "object_id": "7", "object_repr": "jerry@gmail.com", "action_flag": 2, "change_message": "[{\"changed\": {\"fields\": [\"Email address\", \"Phone no\"]}}]"}}, {"model": "admin.logentry", "pk": 12, "fields": {"action_time": "2023-10-09T12:54:59.450Z", "user": 1, "content_type": 10, "object_id": "1", "object_repr": "Excecise object (1)", "action_flag": 1, "change_message": "[{\"added\": {}}]"}}, {"model": "admin.logentry", "pk": 13, "fields": {"action_time": "2023-10-09T12:56:56.046Z", "user": 1, "content_type": 10, "object_id": "1", "object_repr": "Excecise object (1)", "action_flag": 2, "change_message": "[{\"changed\": {\"fields\": [\"Videos\"]}}]"}}, {"model": "admin.logentry", "pk": 14, "fields": {"action_time": "2023-10-10T17:18:10.559Z", "user": 1, "content_type": 9, "object_id": "2", "object_repr": "DietPlan object (2)", "action_flag": 1, "change_message": "[{\"added\": {}}]"}}, {"model": "admin.logentry", "pk": 15, "fields": {"action_time": "2023-10-11T12:51:31.845Z", "user": 1, "content_type": 9, "object_id": "3", "object_repr": "DietPlan object (3)", "action_flag": 1, "change_message": "[{\"added\": {}}]"}}, {"model": "admin.logentry", "pk": 16, "fields": {"action_time": "2023-10-11T13:06:57.225Z", "user": 1, "content_type": 6, "object_id": "12", "object_repr": "raghudev.pulligilla@gmail.com", "action_flag": 1, "change_message": "[{\"added\": {}}]"}}, {"model": "admin.logentry", "pk": 17, "fields": {"action_time": "2023-10-11T13:07:48.501Z", "user": 1, "content_type": 6, "object_id": "12", "object_repr": "raghudev.pulligilla@gmail.com", "action_flag": 2, "change_message": "[{\"changed\": {\"fields\": [\"Name\", \"Phone no\", \"Gym membership\", \"Fitness\"]}}]"}}, {"model": "admin.logentry", "pk": 18, "fields": {"action_time": "2023-10-11T13:08:00.139Z", "user": 1, "content_type": 6, "object_id": "12", "object_repr": "raghudev.pulligilla@gmail.com", "action_flag": 2, "change_message": "[]"}}, {"model": "admin.logentry", "pk": 19, "fields": {"action_time": "2023-10-11T13:09:27.184Z", "user": 1, "content_type": 9, "object_id": "4", "object_repr": "DietPlan object (4)", "action_flag": 1, "change_message": "[{\"added\": {}}]"}}, {"model": "admin.logentry", "pk": 20, "fields": {"action_time": "2023-10-11T13:13:42.293Z", "user": 1, "content_type": 6, "object_id": "12", "object_repr": "raghudev.pulligilla@gmail.com", "action_flag": 2, "change_message": "[]"}}, {"model": "admin.logentry", "pk": 21, "fields": {"action_time": "2023-10-11T13:19:08.148Z", "user": 1, "content_type": 9, "object_id": "4", "object_repr": "DietPlan object (4)", "action_flag": 2, "change_message": "[{\"changed\": {\"fields\": [\"Body\"]}}]"}}, {"model": "admin.logentry", "pk": 22, "fields": {"action_time": "2023-10-11T19:57:49.831Z", "user": 1, "content_type": 6, "object_id": "4", "object_repr": "noahcarbo@gmail.com", "action_flag": 3, "change_message": ""}}, {"model": "admin.logentry", "pk": 23, "fields": {"action_time": "2023-10-12T05:59:39.114Z", "user": 1, "content_type": 6, "object_id": "2", "object_repr": "jack@gmail.com", "action_flag": 2, "change_message": "[{\"changed\": {\"fields\": [\"password\"]}}]"}}, {"model": "admin.logentry", "pk": 24, "fields": {"action_time": "2023-10-12T06:00:12.802Z", "user": 1, "content_type": 6, "object_id": "2", "object_repr": "jack@gmail.com", "action_flag": 2, "change_message": "[{\"changed\": {\"fields\": [\"Gym membership\"]}}]"}}, {"model": "admin.logentry", "pk": 25, "fields": {"action_time": "2023-10-12T06:01:29.664Z", "user": 1, "content_type": 12, "object_id": "1", "object_repr": "Product object (1)", "action_flag": 1, "change_message": "[{\"added\": {}}]"}}, {"model": "auth.permission", "pk": 1, "fields": {"name": "Can add log entry", "content_type": 1, "codename": "add_logentry"}}, {"model": "auth.permission", "pk": 2, "fields": {"name": "Can change log entry", "content_type": 1, "codename": "change_logentry"}}, {"model": "auth.permission", "pk": 3, "fields": {"name": "Can delete log entry", "content_type": 1, "codename": "delete_logentry"}}, {"model": "auth.permission", "pk": 4, "fields": {"name": "Can view log entry", "content_type": 1, "codename": "view_logentry"}}, {"model": "auth.permission", "pk": 5, "fields": {"name": "Can add permission", "content_type": 2, "codename": "add_permission"}}, {"model": "auth.permission", "pk": 6, "fields": {"name": "Can change permission", "content_type": 2, "codename": "change_permission"}}, {"model": "auth.permission", "pk": 7, "fields": {"name": "Can delete permission", "content_type": 2, "codename": "delete_permission"}}, {"model": "auth.permission", "pk": 8, "fields": {"name": "Can view permission", "content_type": 2, "codename": "view_permission"}}, {"model": "auth.permission", "pk": 9, "fields": {"name": "Can add group", "content_type": 3, "codename": "add_group"}}, {"model": "auth.permission", "pk": 10, "fields": {"name": "Can change group", "content_type": 3, "codename": "change_group"}}, {"model": "auth.permission", "pk": 11, "fields": {"name": "Can delete group", "content_type": 3, "codename": "delete_group"}}, {"model": "auth.permission", "pk": 12, "fields": {"name": "Can view group", "content_type": 3, "codename": "view_group"}}, {"model": "auth.permission", "pk": 13, "fields": {"name": "Can add content type", "content_type": 4, "codename": "add_contenttype"}}, {"model": "auth.permission", "pk": 14, "fields": {"name": "Can change content type", "content_type": 4, "codename": "change_contenttype"}}, {"model": "auth.permission", "pk": 15, "fields": {"name": "Can delete content type", "content_type": 4, "codename": "delete_contenttype"}}, {"model": "auth.permission", "pk": 16, "fields": {"name": "Can view content type", "content_type": 4, "codename": "view_contenttype"}}, {"model": "auth.permission", "pk": 17, "fields": {"name": "Can add session", "content_type": 5, "codename": "add_session"}}, {"model": "auth.permission", "pk": 18, "fields": {"name": "Can change session", "content_type": 5, "codename": "change_session"}}, {"model": "auth.permission", "pk": 19, "fields": {"name": "Can delete session", "content_type": 5, "codename": "delete_session"}}, {"model": "auth.permission", "pk": 20, "fields": {"name": "Can view session", "content_type": 5, "codename": "view_session"}}, {"model": "auth.permission", "pk": 21, "fields": {"name": "Can add user", "content_type": 6, "codename": "add_user"}}, {"model": "auth.permission", "pk": 22, "fields": {"name": "Can change user", "content_type": 6, "codename": "change_user"}}, {"model": "auth.permission", "pk": 23, "fields": {"name": "Can delete user", "content_type": 6, "codename": "delete_user"}}, {"model": "auth.permission", "pk": 24, "fields": {"name": "Can view user", "content_type": 6, "codename": "view_user"}}, {"model": "auth.permission", "pk": 25, "fields": {"name": "Can add blacklisted token", "content_type": 7, "codename": "add_blacklistedtoken"}}, {"model": "auth.permission", "pk": 26, "fields": {"name": "Can change blacklisted token", "content_type": 7, "codename": "change_blacklistedtoken"}}, {"model": "auth.permission", "pk": 27, "fields": {"name": "Can delete blacklisted token", "content_type": 7, "codename": "delete_blacklistedtoken"}}, {"model": "auth.permission", "pk": 28, "fields": {"name": "Can view blacklisted token", "content_type": 7, "codename": "view_blacklistedtoken"}}, {"model": "auth.permission", "pk": 29, "fields": {"name": "Can add outstanding token", "content_type": 8, "codename": "add_outstandingtoken"}}, {"model": "auth.permission", "pk": 30, "fields": {"name": "Can change outstanding token", "content_type": 8, "codename": "change_outstandingtoken"}}, {"model": "auth.permission", "pk": 31, "fields": {"name": "Can delete outstanding token", "content_type": 8, "codename": "delete_outstandingtoken"}}, {"model": "auth.permission", "pk": 32, "fields": {"name": "Can view outstanding token", "content_type": 8, "codename": "view_outstandingtoken"}}, {"model": "auth.permission", "pk": 33, "fields": {"name": "Can add deit plan", "content_type": 9, "codename": "add_deitplan"}}, {"model": "auth.permission", "pk": 34, "fields": {"name": "Can change deit plan", "content_type": 9, "codename": "change_deitplan"}}, {"model": "auth.permission", "pk": 35, "fields": {"name": "Can delete deit plan", "content_type": 9, "codename": "delete_deitplan"}}, {"model": "auth.permission", "pk": 36, "fields": {"name": "Can view deit plan", "content_type": 9, "codename": "view_deitplan"}}, {"model": "auth.permission", "pk": 37, "fields": {"name": "Can add excecise", "content_type": 10, "codename": "add_excecise"}}, {"model": "auth.permission", "pk": 38, "fields": {"name": "Can change excecise", "content_type": 10, "codename": "change_excecise"}}, {"model": "auth.permission", "pk": 39, "fields": {"name": "Can delete excecise", "content_type": 10, "codename": "delete_excecise"}}, {"model": "auth.permission", "pk": 40, "fields": {"name": "Can view excecise", "content_type": 10, "codename": "view_excecise"}}, {"model": "auth.permission", "pk": 41, "fields": {"name": "Can add diet plan", "content_type": 9, "codename": "add_dietplan"}}, {"model": "auth.permission", "pk": 42, "fields": {"name": "Can change diet plan", "content_type": 9, "codename": "change_dietplan"}}, {"model": "auth.permission", "pk": 43, "fields": {"name": "Can delete diet plan", "content_type": 9, "codename": "delete_dietplan"}}, {"model": "auth.permission", "pk": 44, "fields": {"name": "Can view diet plan", "content_type": 9, "codename": "view_dietplan"}}, {"model": "auth.permission", "pk": 45, "fields": {"name": "Can add payment", "content_type": 11, "codename": "add_payment"}}, {"model": "auth.permission", "pk": 46, "fields": {"name": "Can change payment", "content_type": 11, "codename": "change_payment"}}, {"model": "auth.permission", "pk": 47, "fields": {"name": "Can delete payment", "content_type": 11, "codename": "delete_payment"}}, {"model": "auth.permission", "pk": 48, "fields": {"name": "Can view payment", "content_type": 11, "codename": "view_payment"}}, {"model": "auth.permission", "pk": 49, "fields": {"name": "Can add product", "content_type": 12, "codename": "add_product"}}, {"model": "auth.permission", "pk": 50, "fields": {"name": "Can change product", "content_type": 12, "codename": "change_product"}}, {"model": "auth.permission", "pk": 51, "fields": {"name": "Can delete product", "content_type": 12, "codename": "delete_product"}}, {"model": "auth.permission", "pk": 52, "fields": {"name": "Can view product", "content_type": 12, "codename": "view_product"}}, {"model": "auth.permission", "pk": 53, "fields": {"name": "Can add order", "content_type": 13, "codename": "add_order"}}, {"model": "auth.permission", "pk": 54, "fields": {"name": "Can change order", "content_type": 13, "codename": "change_order"}}, {"model": "auth.permission", "pk": 55, "fields": {"name": "Can delete order", "content_type": 13, "codename": "delete_order"}}, {"model": "auth.permission", "pk": 56, "fields": {"name": "Can view order", "content_type": 13, "codename": "view_order"}}, {"model": "contenttypes.contenttype", "pk": 1, "fields": {"app_label": "admin", "model": "logentry"}}, {"model": "contenttypes.contenttype", "pk": 2, "fields": {"app_label": "auth", "model": "permission"}}, {"model": "contenttypes.contenttype", "pk": 3, "fields": {"app_label": "auth", "model": "group"}}, {"model": "contenttypes.contenttype", "pk": 4, "fields": {"app_label": "contenttypes", "model": "contenttype"}}, {"model": "contenttypes.contenttype", "pk": 5, "fields": {"app_label": "sessions", "model": "session"}}, {"model": "contenttypes.contenttype", "pk": 6, "fields": {"app_label": "account", "model": "user"}}, {"model": "contenttypes.contenttype", "pk": 7, "fields": {"app_label": "token_blacklist", "model": "blacklistedtoken"}}, {"model": "contenttypes.contenttype", "pk": 8, "fields": {"app_label": "token_blacklist", "model": "outstandingtoken"}}, {"model": "contenttypes.contenttype", "pk": 9, "fields": {"app_label": "gymMembership", "model": "dietplan"}}, {"model": "contenttypes.contenttype", "pk": 10, "fields": {"app_label": "gymMembership", "model": "excecise"}}, {"model": "contenttypes.contenttype", "pk": 11, "fields": {"app_label": "ecommerce", "model": "payment"}}, {"model": "contenttypes.contenttype", "pk": 12, "fields": {"app_label": "ecommerce", "model": "product"}}, {"model": "contenttypes.contenttype", "pk": 13, "fields": {"app_label": "ecommerce", "model": "order"}}, {"model": "sessions.session", "pk": "7jkywem5ygt9u5yvfrbhdztk0hcfwd4k", "fields": {"session_data": ".eJxVjEEOwiAQRe_C2hAKBcGle89AhplBqgaS0q6MdzckXej2v_f-W0TYtxL3zmtcSFzEJE6_WwJ8ch2AHlDvTWKr27okORR50C5vjfh1Pdy_gwK9jNoyOmQfkIINrC0CBUBH1rDK86QA0TiHKnmfgQBNDimdgXUgtHoWny8hQzmI:1qqhTb:gsTx6ks7Wfzak4pny7u5RDpu1LF6roTy-UrRIFKQ9oo", "expire_date": "2023-10-25T22:14:47.092Z"}}, {"model": "sessions.session", "pk": "89urxi38h0ltp7vjhx7bnswcsvucedyl", "fields": {"session_data": ".eJxVjEEOwiAQRe_C2hAKBcGle89AhplBqgaS0q6MdzckXej2v_f-W0TYtxL3zmtcSFzEJE6_WwJ8ch2AHlDvTWKr27okORR50C5vjfh1Pdy_gwK9jNoyOmQfkIINrC0CBUBH1rDK86QA0TiHKnmfgQBNDimdgXUgtHoWny8hQzmI:1qpX21:i0rVV6sHHgG_7xuSnyiafx9PtEqRifJtIqNcqxV8uro", "expire_date": "2023-10-22T16:53:29.366Z"}}, {"model": "sessions.session", "pk": "8t6jre3dko1r48ocit54g050ohywc52x", "fields": {"session_data": ".eJxVjEEOwiAQRe_C2hAKBcGle89AhplBqgaS0q6MdzckXej2v_f-W0TYtxL3zmtcSFzEJE6_WwJ8ch2AHlDvTWKr27okORR50C5vjfh1Pdy_gwK9jNoyOmQfkIINrC0CBUBH1rDK86QA0TiHKnmfgQBNDimdgXUgtHoWny8hQzmI:1qnEHX:GpJka49_pDhreRIRnk7kTFxkllsSssA1wdHNUR46XMQ", "expire_date": "2023-10-16T08:27:59.573Z"}}, {"model": "sessions.session", "pk": "a7ttwh5ev0wxvxzrvf654h6lqykc3qqy", "fields": {"session_data": "eyJfcGFzc3dvcmRfcmVzZXRfdG9rZW4iOiJidnhlMDItYWY2MjlmOTcyNWE3NzljMGU1MTQ1NmI2NzgxYjRiYmQifQ:1qqh7d:s94X3Scc0QSNK2YcsQBjH1OI8S3SKmRyVfnNcdTCMZc", "expire_date": "2023-10-25T21:52:05.886Z"}}, {"model": "sessions.session", "pk": "agw0l1rkwtlpbibrssozdmio69uyt7y7", "fields": {"session_data": ".eJxVjEEOwiAQRe_C2hAKBcGle89AhplBqgaS0q6MdzckXej2v_f-W0TYtxL3zmtcSFzEJE6_WwJ8ch2AHlDvTWKr27okORR50C5vjfh1Pdy_gwK9jNoyOmQfkIINrC0CBUBH1rDK86QA0TiHKnmfgQBNDimdgXUgtHoWny8hQzmI:1qoSAE:9AaPkFCjbMggx1_cJWUfTMrDGwhsa59VSuzUHxQRCR0", "expire_date": "2023-10-19T17:29:30.555Z"}}, {"model": "sessions.session", "pk": "f039t15w7phjc8aanl5vkv2f1npdqbc3", "fields": {"session_data": ".eJxVjEEOwiAQRe_C2hAKBcGle89AhplBqgaS0q6MdzckXej2v_f-W0TYtxL3zmtcSFzEJE6_WwJ8ch2AHlDvTWKr27okORR50C5vjfh1Pdy_gwK9jNoyOmQfkIINrC0CBUBH1rDK86QA0TiHKnmfgQBNDimdgXUgtHoWny8hQzmI:1qoodV:pz3Am9cDuRiSGgKnFdBIE6b13EjyW4URH0YGJzZrwHo", "expire_date": "2023-10-20T17:29:13.095Z"}}, {"model": "sessions.session", "pk": "j1x2ycoqcoixoqe03o32hz46683yltbt", "fields": {"session_data": ".eJxVjEEOwiAQRe_C2hAKBcGle89AhplBqgaS0q6MdzckXej2v_f-W0TYtxL3zmtcSFzEJE6_WwJ8ch2AHlDvTWKr27okORR50C5vjfh1Pdy_gwK9jNoyOmQfkIINrC0CBUBH1rDK86QA0TiHKnmfgQBNDimdgXUgtHoWny8hQzmI:1qqojU:8fqfSWudbfN-iN-s9xhlzMtdBZmheezbpagO2gx6ge4", "expire_date": "2023-10-26T05:59:40.691Z"}}, {"model": "sessions.session", "pk": "kdhb395shc4jzxzwrupzoxf6qwepc665", "fields": {"session_data": ".eJxVjEEOwiAQRe_C2hAKBcGle89AhplBqgaS0q6MdzckXej2v_f-W0TYtxL3zmtcSFzEJE6_WwJ8ch2AHlDvTWKr27okORR50C5vjfh1Pdy_gwK9jNoyOmQfkIINrC0CBUBH1rDK86QA0TiHKnmfgQBNDimdgXUgtHoWny8hQzmI:1qpXxB:ab14mBIqXtlG3xqrWMatmd6qW8-_RjrOrAoRTV0Z94E", "expire_date": "2023-10-22T17:52:33.952Z"}}, {"model": "sessions.session", "pk": "npzitskf3wci0az35fp9q8mx6j58pajo", "fields": {"session_data": ".eJxVjEEOwiAQRe_C2hAKBcGle89AhplBqgaS0q6MdzckXej2v_f-W0TYtxL3zmtcSFzEJE6_WwJ8ch2AHlDvTWKr27okORR50C5vjfh1Pdy_gwK9jNoyOmQfkIINrC0CBUBH1rDK86QA0TiHKnmfgQBNDimdgXUgtHoWny8hQzmI:1qqjQJ:EumkJIKDPLqYKzKiLjm8xjbyPNyM3pTUJzyN5MxBbIw", "expire_date": "2023-10-26T00:19:31.779Z"}}, {"model": "sessions.session", "pk": "rae6uabvh2pj45l6wq3shccawuhgre1o", "fields": {"session_data": ".eJxVjEEOwiAQRe_C2hAKBcGle89AhplBqgaS0q6MdzckXej2v_f-W0TYtxL3zmtcSFzEJE6_WwJ8ch2AHlDvTWKr27okORR50C5vjfh1Pdy_gwK9jNoyOmQfkIINrC0CBUBH1rDK86QA0TiHKnmfgQBNDimdgXUgtHoWny8hQzmI:1qooHh:ReeLwC_1yAlOHVqL74A3QdGt8Am8t4INnXcjgXHN6Zw", "expire_date": "2023-10-20T17:06:41.527Z"}}, {"model": "sessions.session", "pk": "vaorcdldmuvu03gytk3mgsi3f3dzta26", "fields": {"session_data": ".eJxVjEEOwiAQRe_C2hAKBcGle89AhplBqgaS0q6MdzckXej2v_f-W0TYtxL3zmtcSFzEJE6_WwJ8ch2AHlDvTWKr27okORR50C5vjfh1Pdy_gwK9jNoyOmQfkIINrC0CBUBH1rDK86QA0TiHKnmfgQBNDimdgXUgtHoWny8hQzmI:1qnqCe:0zA8STG3kNq8wUPk8cTIcSnNpOAueS46iEVCWbt2I8E", "expire_date": "2023-10-18T00:57:28.563Z"}}, {"model": "sessions.session", "pk": "wlgfouf5rldjqo7fzbned59zjyaamsja", "fields": {"session_data": ".eJxVjEEOwiAQRe_C2hAKBcGle89AhplBqgaS0q6MdzckXej2v_f-W0TYtxL3zmtcSFzEJE6_WwJ8ch2AHlDvTWKr27okORR50C5vjfh1Pdy_gwK9jNoyOmQfkIINrC0CBUBH1rDK86QA0TiHKnmfgQBNDimdgXUgtHoWny8hQzmI:1qnfYP:0MUHcnGZordMy97p_piyR-cQqvOFiZa0M0EONGNqepc", "expire_date": "2023-10-17T13:35:13.484Z"}}, {"model": "account.user", "pk": 1, "fields": {"password": "pbkdf2_sha256$600000$TjGZ8qvL7CCuZfzXvLodaG$Arb1CBo4h8+d7qEMZmNIRtFQb7sB+ZieKl97GMgY2RM=", "last_login": "2023-10-12T05:55:13.412Z", "is_superuser": true, "first_name": "", "last_name": "", "is_staff": true, "is_active": true, "date_joined": "2023-10-02T08:27:30.376Z", "email": "admin@gmail.com", "phone_no": null, "name": null, "gym_membership": false, "fitness": false, "auth_provider": "email", "groups": [], "user_permissions": []}}, {"model": "account.user", "pk": 2, "fields": {"password": "pbkdf2_sha256$600000$3paahvReTKqTVI8IJtIxmK$xuu/5AhcIpl5QGYJMcgGFBmvf3IYww/Xyhn9U+cslQ8=", "last_login": null, "is_superuser": false, "first_name": "", "last_name": "", "is_staff": false, "is_active": true, "date_joined": "2023-10-03T13:32:57Z", "email": "jack@gmail.com", "phone_no": "2002002002", "name": "jack", "gym_membership": true, "fitness": false, "auth_provider": "email", "groups": [], "user_permissions": []}}, {"model": "account.user", "pk": 5, "fields": {"password": "pbkdf2_sha256$600000$tbmZegY9PYKroB92N9PWPj$Mx4/ylP2wCJavEQvKL6jdDPmzwaLJ6r0OpdtCo5Pg/Y=", "last_login": null, "is_superuser": false, "first_name": "", "last_name": "", "is_staff": false, "is_active": true, "date_joined": "2023-10-06T17:10:37.389Z", "email": "akhireddy123@gmail.com", "phone_no": null, "name": null, "gym_membership": false, "fitness": false, "auth_provider": "email", "groups": [], "user_permissions": []}}, {"model": "account.user", "pk": 6, "fields": {"password": "pbkdf2_sha256$600000$DRSZxocTJUZj5Iv0N5vo8i$D9Tw8UNu/fBVyqxeIvl0JKKEYrx0e5k8XYDNmJBZrW0=", "last_login": null, "is_superuser": false, "first_name": "", "last_name": "", "is_staff": false, "is_active": true, "date_joined": "2023-10-08T11:52:22.335Z", "email": "namangarg820@gmail.com", "phone_no": "1002002002", "name": null, "gym_membership": false, "fitness": false, "auth_provider": "email", "groups": [], "user_permissions": []}}, {"model": "account.user", "pk": 7, "fields": {"password": "pbkdf2_sha256$600000$4kN6BSrxkgWCn9OidvjG8L$nDc9A4ENN4C3ZUOmyEf98su430PxYUGFXikRVCSoTj4=", "last_login": null, "is_superuser": false, "first_name": "", "last_name": "", "is_staff": false, "is_active": true, "date_joined": "2023-10-08T19:00:02Z", "email": "jerry@gmail.com", "phone_no": "4004004000", "name": "jerry", "gym_membership": true, "fitness": false, "auth_provider": "email", "groups": [], "user_permissions": []}}, {"model": "account.user", "pk": 8, "fields": {"password": "pbkdf2_sha256$600000$jyWATELdflQ1CIiw5ZbXpj$vGvZ7cIUwVrclD2bRCtlSSx61zQ2NujjYDNrzMvIJAY=", "last_login": null, "is_superuser": false, "first_name": "", "last_name": "", "is_staff": false, "is_active": true, "date_joined": "2023-10-10T17:01:00.450Z", "email": "akhila@gmail.com", "phone_no": "3003003003", "name": "akhila reddy", "gym_membership": false, "fitness": false, "auth_provider": "email", "groups": [], "user_permissions": []}}, {"model": "account.user", "pk": 9, "fields": {"password": "pbkdf2_sha256$600000$Bx8rwDlICFl28KbtW9zqHn$PRzbmfKq2t0ZtmD+1jTnI7Lr+s08L+8Cwy1BTn07gBA=", "last_login": null, "is_superuser": false, "first_name": "", "last_name": "", "is_staff": false, "is_active": true, "date_joined": "2023-10-10T22:13:50.358Z", "email": "dasraj@gmail.com", "phone_no": "9823456789", "name": "das", "gym_membership": false, "fitness": false, "auth_provider": "email", "groups": [], "user_permissions": []}}, {"model": "account.user", "pk": 10, "fields": {"password": "pbkdf2_sha256$600000$UnDgvJBbuokHPYr5r7W4Qb$JXiQtgNTDKCxguIRd2ePL41eXqLuYx7Lc8LrcpLl4i8=", "last_login": null, "is_superuser": false, "first_name": "", "last_name": "", "is_staff": false, "is_active": true, "date_joined": "2023-10-11T12:26:53.528Z", "email": "das@gmail.com", "phone_no": "7348238438", "name": "das", "gym_membership": false, "fitness": false, "auth_provider": "email", "groups": [], "user_permissions": []}}, {"model": "account.user", "pk": 11, "fields": {"password": "pbkdf2_sha256$600000$t3uQ2262Nfw4ldWNPwpju4$QAS/mtCbjw5pdNgi+SR1fiu79Q171ALMfrxsWLYFy5o=", "last_login": null, "is_superuser": false, "first_name": "", "last_name": "", "is_staff": false, "is_active": true, "date_joined": "2023-10-11T12:51:56.232Z", "email": "raghudev@gmail.com", "phone_no": "9999999999", "name": "raghu", "gym_membership": false, "fitness": false, "auth_provider": "email", "groups": [], "user_permissions": []}}, {"model": "account.user", "pk": 12, "fields": {"password": "pbkdf2_sha256$600000$K5Dga1yUny5mUr1wv9MYDa$FJeSW4Jjqczqt5Oa8lmNcWo3bIfyTdMz8is7cMyN4UI=", "last_login": null, "is_superuser": false, "first_name": "", "last_name": "", "is_staff": false, "is_active": true, "date_joined": "2023-10-11T13:06:57Z", "email": "raghudev.pulligilla@gmail.com", "phone_no": "9898989898", "name": "dev", "gym_membership": true, "fitness": true, "auth_provider": "email", "groups": [], "user_permissions": []}}, {"model": "account.user", "pk": 13, "fields": {"password": "pbkdf2_sha256$600000$QUBc5J2kxO7f7bkxTX4WLl$8+PfELUnv6JNbfW7SAkR0jGhb3pFBN50d+jHOWUDxiw=", "last_login": null, "is_superuser": false, "first_name": "", "last_name": "", "is_staff": false, "is_active": true, "date_joined": "2023-10-11T19:55:17.556Z", "email": "miguel@gmail.com", "phone_no": "1234567892", "name": "miguel", "gym_membership": false, "fitness": false, "auth_provider": "email", "groups": [], "user_permissions": []}}, {"model": "account.user", "pk": 14, "fields": {"password": "pbkdf2_sha256$600000$dBaDLjr1kj7ViKeQHedjt3$zn1XDDF18wk+fsRixUkVPYkSAtyk6horY90tU9XNm7s=", "last_login": null, "is_superuser": false, "first_name": "", "last_name": "", "is_staff": false, "is_active": true, "date_joined": "2023-10-12T00:10:35.614Z", "email": "hai@gmail.com", "phone_no": "9065734567", "name": "hai", "gym_membership": false, "fitness": false, "auth_provider": "email", "groups": [], "user_permissions": []}}, {"model": "gymMembership.dietplan", "pk": 1, "fields": {"body": "lean", "morningPlan": "dieat", "morningPlanImage": "photos/2023/10/09/Movie.png", "afternoonPlan": "afternoon", "afternoonPlanImage": "photos/2023/10/09/suretrust.png", "nightPlan": "night plan", "nightPlanImage": "photos/2023/10/09/ic_splash_icon.png"}}, {"model": "gymMembership.dietplan", "pk": 2, "fields": {"body": "muscle", "morningPlan": "eggs and msuhoroom", "morningPlanImage": "photos/2023/10/10/markchem.png", "afternoonPlan": "chiken, breif", "afternoonPlanImage": "", "nightPlan": "milk, slad", "nightPlanImage": "photos/2023/10/10/Movie.png"}}, {"model": "gymMembership.dietplan", "pk": 3, "fields": {"body": "weight_loss", "morningPlan": "Warm water", "morningPlanImage": "photos/2023/10/11/download_1.jpeg", "afternoonPlan": "chicken and rice", "afternoonPlanImage": "photos/2023/10/11/download.jpeg", "nightPlan": "chapathi", "nightPlanImage": "photos/2023/10/11/download_3shGbof.jpeg"}}, {"model": "gymMembership.dietplan", "pk": 4, "fields": {"body": "muscle", "morningPlan": "warm water", "morningPlanImage": "photos/2023/10/11/download_1.jpeg", "afternoonPlan": "chicken rice", "afternoonPlanImage": "photos/2023/10/11/download_1_jcZLO1T.jpeg", "nightPlan": "chapathi", "nightPlanImage": "photos/2023/10/11/download.jpeg"}}, {"model": "gymMembership.excecise", "pk": 1, "fields": {"videos": "photos/2023/10/09/production_id_3760968_2160p.mp4", "images": "photos/2023/10/09/canco.png", "images1": "photos/2023/10/09/pic_13.JPG", "images2": "photos/2023/10/09/pic2.JPG", "images3": "photos/2023/10/09/pic_11.JPG", "images4": "photos/2023/10/09/pic10.JPG"}}, {"model": "ecommerce.product", "pk": 1, "fields": {"name": "t-shirt", "image": "Captures.JPG", "price": 100, "healine": "bets tcshirt for gym", "details": "nice t-shirt", "description": "very nice t-shirtt"}}, {"model": "ecommerce.order", "pk": 1, "fields": {"user": 2, "product": 1, "created": "2023-10-12"}}, {"model": "ecommerce.order", "pk": 2, "fields": {"user": 2, "product": 1, "created": "2023-10-12"}}, {"model": "ecommerce.payment", "pk": 1, "fields": {"order": 1, "price": 100, "status": false}}]